id|rid|did|pid|rtype|name_np|name_en|created_at|updated_at
1|1|taplejung|1|federal|१|1|2022-09-14 19:10:58|2022-09-14 19:10:58
2|1.1|taplejung|1|provincial|१(क)|1.1|2022-09-14 19:10:58|2022-09-14 19:10:58
3|1.2|taplejung|1|provincial|१(ख)|1.2|2022-09-14 19:10:58|2022-09-14 19:10:58
4|1|panchthar|1|federal|१|1|2022-09-14 19:10:58|2022-09-14 19:10:58
5|1.1|panchthar|1|provincial|१(क)|1.1|2022-09-14 19:10:58|2022-09-14 19:10:58
6|1.2|panchthar|1|provincial|१(ख)|1.2|2022-09-14 19:10:58|2022-09-14 19:10:58
7|1|illam|1|federal|१|1|2022-09-14 19:10:58|2022-09-14 19:10:58
8|2|illam|1|federal|२|2|2022-09-14 19:10:58|2022-09-14 19:10:58
9|1.1|illam|1|provincial|१(क)|1.1|2022-09-14 19:10:58|2022-09-14 19:10:58
10|1.2|illam|1|provincial|१(ख)|1.2|2022-09-14 19:10:58|2022-09-14 19:10:58
11|2.1|illam|1|provincial|२(क)|2.1|2022-09-14 19:10:58|2022-09-14 19:10:58
12|2.2|illam|1|provincial|२(ख)|2.2|2022-09-14 19:10:58|2022-09-14 19:10:58
13|1|jhapa|1|federal|१|1|2022-09-14 19:10:58|2022-09-14 19:10:58
14|2|jhapa|1|federal|२|2|2022-09-14 19:10:58|2022-09-14 19:10:58
15|3|jhapa|1|federal|३|3|2022-09-14 19:10:58|2022-09-14 19:10:58
16|4|jhapa|1|federal|४|4|2022-09-14 19:10:58|2022-09-14 19:10:58
17|5|jhapa|1|federal|५|5|2022-09-14 19:10:58|2022-09-14 19:10:58
18|1.1|jhapa|1|provincial|१(क)|1.1|2022-09-14 19:10:58|2022-09-14 19:10:58
19|1.2|jhapa|1|provincial|१(ख)|1.2|2022-09-14 19:10:58|2022-09-14 19:10:58
20|2.1|jhapa|1|provincial|२(क)|2.1|2022-09-14 19:10:58|2022-09-14 19:10:58
21|2.2|jhapa|1|provincial|२(ख)|2.2|2022-09-14 19:10:58|2022-09-14 19:10:58
22|3.1|jhapa|1|provincial|३(क)|3.1|2022-09-14 19:10:58|2022-09-14 19:10:58
23|3.2|jhapa|1|provincial|३(ख)|3.2|2022-09-14 19:10:58|2022-09-14 19:10:58
24|4.1|jhapa|1|provincial|४(क)|4.1|2022-09-14 19:10:58|2022-09-14 19:10:58
25|4.2|jhapa|1|provincial|४(ख)|4.2|2022-09-14 19:10:58|2022-09-14 19:10:58
26|5.1|jhapa|1|provincial|५(क)|5.1|2022-09-14 19:10:58|2022-09-14 19:10:58
27|5.2|jhapa|1|provincial|५(ख)|5.2|2022-09-14 19:10:58|2022-09-14 19:10:58
28|1|morang|1|federal|१|1|2022-09-14 19:10:58|2022-09-14 19:10:58
29|2|morang|1|federal|२|2|2022-09-14 19:10:58|2022-09-14 19:10:58
30|3|morang|1|federal|३|3|2022-09-14 19:10:58|2022-09-14 19:10:58
31|4|morang|1|federal|४|4|2022-09-14 19:10:58|2022-09-14 19:10:58
32|5|morang|1|federal|५|5|2022-09-14 19:10:58|2022-09-14 19:10:58
33|6|morang|1|federal|६|6|2022-09-14 19:10:58|2022-09-14 19:10:58
34|1.1|morang|1|provincial|१(क)|1.1|2022-09-14 19:10:58|2022-09-14 19:10:58
35|1.2|morang|1|provincial|१(ख)|1.2|2022-09-14 19:10:58|2022-09-14 19:10:58
36|2.1|morang|1|provincial|२(क)|2.1|2022-09-14 19:10:58|2022-09-14 19:10:58
37|2.2|morang|1|provincial|२(ख)|2.2|2022-09-14 19:10:58|2022-09-14 19:10:58
38|3.1|morang|1|provincial|३(क)|3.1|2022-09-14 19:10:58|2022-09-14 19:10:58
39|3.2|morang|1|provincial|३(ख)|3.2|2022-09-14 19:10:58|2022-09-14 19:10:58
40|4.1|morang|1|provincial|४(क)|4.1|2022-09-14 19:10:58|2022-09-14 19:10:58
41|4.2|morang|1|provincial|४(ख)|4.2|2022-09-14 19:10:58|2022-09-14 19:10:58
42|5.1|morang|1|provincial|५(क)|5.1|2022-09-14 19:10:58|2022-09-14 19:10:58
43|5.2|morang|1|provincial|५(ख)|5.2|2022-09-14 19:10:58|2022-09-14 19:10:58
44|6.1|morang|1|provincial|६(क)|6.1|2022-09-14 19:10:58|2022-09-14 19:10:58
45|6.2|morang|1|provincial|६(ख)|6.2|2022-09-14 19:10:58|2022-09-14 19:10:58
46|1|sunsari|1|federal|१|1|2022-09-14 19:10:58|2022-09-14 19:10:58
47|2|sunsari|1|federal|२|2|2022-09-14 19:10:58|2022-09-14 19:10:58
48|3|sunsari|1|federal|३|3|2022-09-14 19:10:58|2022-09-14 19:10:58
49|4|sunsari|1|federal|४|4|2022-09-14 19:10:58|2022-09-14 19:10:58
50|1.1|sunsari|1|provincial|१(क)|1.1|2022-09-14 19:10:58|2022-09-14 19:10:58
51|1.2|sunsari|1|provincial|१(ख)|1.2|2022-09-14 19:10:58|2022-09-14 19:10:58
52|2.1|sunsari|1|provincial|२(क)|2.1|2022-09-14 19:10:58|2022-09-14 19:10:58
53|2.2|sunsari|1|provincial|२(ख)|2.2|2022-09-14 19:10:58|2022-09-14 19:10:58
54|3.1|sunsari|1|provincial|३(क)|3.1|2022-09-14 19:10:58|2022-09-14 19:10:58
55|3.2|sunsari|1|provincial|३(ख)|3.2|2022-09-14 19:10:58|2022-09-14 19:10:58
56|4.1|sunsari|1|provincial|४(क)|4.1|2022-09-14 19:10:58|2022-09-14 19:10:58
57|4.2|sunsari|1|provincial|४(ख)|4.2|2022-09-14 19:10:58|2022-09-14 19:10:58
58|1|dhankuta|1|federal|१|1|2022-09-14 19:10:58|2022-09-14 19:10:58
59|1.1|dhankuta|1|provincial|१(क)|1.1|2022-09-14 19:10:58|2022-09-14 19:10:58
60|1.2|dhankuta|1|provincial|१(ख)|1.2|2022-09-14 19:10:58|2022-09-14 19:10:58
61|1|sankhuwasabha|1|federal|१|1|2022-09-14 19:10:58|2022-09-14 19:10:58
62|1.1|sankhuwasabha|1|provincial|१(क)|1.1|2022-09-14 19:10:58|2022-09-14 19:10:58
63|1.2|sankhuwasabha|1|provincial|१(ख)|1.2|2022-09-14 19:10:58|2022-09-14 19:10:58
64|1|bhojpur|1|federal|१|1|2022-09-14 19:10:58|2022-09-14 19:10:58
65|1.1|bhojpur|1|provincial|१(क)|1.1|2022-09-14 19:10:58|2022-09-14 19:10:58
66|1.2|bhojpur|1|provincial|१(ख)|1.2|2022-09-14 19:10:58|2022-09-14 19:10:58
67|1|terhathum|1|federal|१|1|2022-09-14 19:10:58|2022-09-14 19:10:58
68|1.1|terhathum|1|provincial|१(क)|1.1|2022-09-14 19:10:58|2022-09-14 19:10:58
69|1.2|terhathum|1|provincial|१(ख)|1.2|2022-09-14 19:10:58|2022-09-14 19:10:58
70|1|okhaldhunga|1|federal|१|1|2022-09-14 19:10:58|2022-09-14 19:10:58
71|1.1|okhaldhunga|1|provincial|१(क)|1.1|2022-09-14 19:10:58|2022-09-14 19:10:58
72|1.2|okhaldhunga|1|provincial|१(ख)|1.2|2022-09-14 19:10:58|2022-09-14 19:10:58
73|1|khotang|1|federal|१|1|2022-09-14 19:10:58|2022-09-14 19:10:58
74|1.1|khotang|1|provincial|१(क)|1.1|2022-09-14 19:10:58|2022-09-14 19:10:58
75|1.2|khotang|1|provincial|१(ख)|1.2|2022-09-14 19:10:58|2022-09-14 19:10:58
76|1|solukhumbu|1|federal|१|1|2022-09-14 19:10:58|2022-09-14 19:10:58
77|1.1|solukhumbu|1|provincial|१(क)|1.1|2022-09-14 19:10:58|2022-09-14 19:10:58
78|1.2|solukhumbu|1|provincial|१(ख)|1.2|2022-09-14 19:10:58|2022-09-14 19:10:58
79|1|udayapur|1|federal|१|1|2022-09-14 19:10:58|2022-09-14 19:10:58
80|2|udayapur|1|federal|२|2|2022-09-14 19:10:58|2022-09-14 19:10:58
81|1.1|udayapur|1|provincial|१(क)|1.1|2022-09-14 19:10:58|2022-09-14 19:10:58
82|1.2|udayapur|1|provincial|१(ख)|1.2|2022-09-14 19:10:58|2022-09-14 19:10:58
83|2.1|udayapur|1|provincial|२(क)|2.1|2022-09-14 19:10:58|2022-09-14 19:10:58
84|2.2|udayapur|1|provincial|२(ख)|2.2|2022-09-14 19:10:58|2022-09-14 19:10:58
85|1|saptari|2|federal|१|1|2022-09-14 19:10:58|2022-09-14 19:10:58
86|2|saptari|2|federal|२|2|2022-09-14 19:10:58|2022-09-14 19:10:58
87|3|saptari|2|federal|३|3|2022-09-14 19:10:58|2022-09-14 19:10:58
88|4|saptari|2|federal|४|4|2022-09-14 19:10:58|2022-09-14 19:10:58
89|1.1|saptari|2|provincial|१(क)|1.1|2022-09-14 19:10:58|2022-09-14 19:10:58
90|1.2|saptari|2|provincial|१(ख)|1.2|2022-09-14 19:10:58|2022-09-14 19:10:58
91|2.1|saptari|2|provincial|२(क)|2.1|2022-09-14 19:10:58|2022-09-14 19:10:58
92|2.2|saptari|2|provincial|२(ख)|2.2|2022-09-14 19:10:58|2022-09-14 19:10:58
93|3.1|saptari|2|provincial|३(क)|3.1|2022-09-14 19:10:58|2022-09-14 19:10:58
94|3.2|saptari|2|provincial|३(ख)|3.2|2022-09-14 19:10:58|2022-09-14 19:10:58
95|4.1|saptari|2|provincial|४(क)|4.1|2022-09-14 19:10:58|2022-09-14 19:10:58
96|4.2|saptari|2|provincial|४(ख)|4.2|2022-09-14 19:10:58|2022-09-14 19:10:58
97|1|siraha|2|federal|१|1|2022-09-14 19:10:58|2022-09-14 19:10:58
98|2|siraha|2|federal|२|2|2022-09-14 19:10:58|2022-09-14 19:10:58
99|3|siraha|2|federal|३|3|2022-09-14 19:10:58|2022-09-14 19:10:58
100|4|siraha|2|federal|४|4|2022-09-14 19:10:58|2022-09-14 19:10:58
101|1.1|siraha|2|provincial|१(क)|1.1|2022-09-14 19:10:58|2022-09-14 19:10:58
102|1.2|siraha|2|provincial|१(ख)|1.2|2022-09-14 19:10:58|2022-09-14 19:10:58
103|2.1|siraha|2|provincial|२(क)|2.1|2022-09-14 19:10:58|2022-09-14 19:10:58
104|2.2|siraha|2|provincial|२(ख)|2.2|2022-09-14 19:10:58|2022-09-14 19:10:58
105|3.1|siraha|2|provincial|३(क)|3.1|2022-09-14 19:10:58|2022-09-14 19:10:58
106|3.2|siraha|2|provincial|३(ख)|3.2|2022-09-14 19:10:58|2022-09-14 19:10:58
107|4.1|siraha|2|provincial|४(क)|4.1|2022-09-14 19:10:58|2022-09-14 19:10:58
108|4.2|siraha|2|provincial|४(ख)|4.2|2022-09-14 19:10:58|2022-09-14 19:10:58
109|1|dhanusa|2|federal|१|1|2022-09-14 19:10:58|2022-09-14 19:10:58
110|2|dhanusa|2|federal|२|2|2022-09-14 19:10:58|2022-09-14 19:10:58
111|3|dhanusa|2|federal|३|3|2022-09-14 19:10:58|2022-09-14 19:10:58
112|4|dhanusa|2|federal|४|4|2022-09-14 19:10:58|2022-09-14 19:10:58
113|1.1|dhanusa|2|provincial|१(क)|1.1|2022-09-14 19:10:58|2022-09-14 19:10:58
114|1.2|dhanusa|2|provincial|१(ख)|1.2|2022-09-14 19:10:58|2022-09-14 19:10:58
115|2.1|dhanusa|2|provincial|२(क)|2.1|2022-09-14 19:10:58|2022-09-14 19:10:58
116|2.2|dhanusa|2|provincial|२(ख)|2.2|2022-09-14 19:10:58|2022-09-14 19:10:58
117|3.1|dhanusa|2|provincial|३(क)|3.1|2022-09-14 19:10:58|2022-09-14 19:10:58
118|3.2|dhanusa|2|provincial|३(ख)|3.2|2022-09-14 19:10:58|2022-09-14 19:10:58
119|4.1|dhanusa|2|provincial|४(क)|4.1|2022-09-14 19:10:58|2022-09-14 19:10:58
120|4.2|dhanusa|2|provincial|४(ख)|4.2|2022-09-14 19:10:58|2022-09-14 19:10:58
121|1|mahottari|2|federal|१|1|2022-09-14 19:10:58|2022-09-14 19:10:58
122|2|mahottari|2|federal|२|2|2022-09-14 19:10:58|2022-09-14 19:10:58
123|3|mahottari|2|federal|३|3|2022-09-14 19:10:58|2022-09-14 19:10:58
124|4|mahottari|2|federal|४|4|2022-09-14 19:10:58|2022-09-14 19:10:58
125|1.1|mahottari|2|provincial|१(क)|1.1|2022-09-14 19:10:58|2022-09-14 19:10:58
126|1.2|mahottari|2|provincial|१(ख)|1.2|2022-09-14 19:10:58|2022-09-14 19:10:58
127|2.1|mahottari|2|provincial|२(क)|2.1|2022-09-14 19:10:58|2022-09-14 19:10:58
128|2.2|mahottari|2|provincial|२(ख)|2.2|2022-09-14 19:10:58|2022-09-14 19:10:58
129|3.1|mahottari|2|provincial|३(क)|3.1|2022-09-14 19:10:58|2022-09-14 19:10:58
130|3.2|mahottari|2|provincial|३(ख)|3.2|2022-09-14 19:10:58|2022-09-14 19:10:58
131|4.1|mahottari|2|provincial|४(क)|4.1|2022-09-14 19:10:58|2022-09-14 19:10:58
132|4.2|mahottari|2|provincial|४(ख)|4.2|2022-09-14 19:10:58|2022-09-14 19:10:58
133|1|sarlahi|2|federal|१|1|2022-09-14 19:10:58|2022-09-14 19:10:58
134|2|sarlahi|2|federal|२|2|2022-09-14 19:10:58|2022-09-14 19:10:58
135|3|sarlahi|2|federal|३|3|2022-09-14 19:10:58|2022-09-14 19:10:58
136|4|sarlahi|2|federal|४|4|2022-09-14 19:10:58|2022-09-14 19:10:58
137|1.1|sarlahi|2|provincial|१(क)|1.1|2022-09-14 19:10:58|2022-09-14 19:10:58
138|1.2|sarlahi|2|provincial|१(ख)|1.2|2022-09-14 19:10:58|2022-09-14 19:10:58
139|2.1|sarlahi|2|provincial|२(क)|2.1|2022-09-14 19:10:58|2022-09-14 19:10:58
140|2.2|sarlahi|2|provincial|२(ख)|2.2|2022-09-14 19:10:58|2022-09-14 19:10:58
141|3.1|sarlahi|2|provincial|३(क)|3.1|2022-09-14 19:10:58|2022-09-14 19:10:58
142|3.2|sarlahi|2|provincial|३(ख)|3.2|2022-09-14 19:10:58|2022-09-14 19:10:58
143|4.1|sarlahi|2|provincial|४(क)|4.1|2022-09-14 19:10:58|2022-09-14 19:10:58
144|4.2|sarlahi|2|provincial|४(ख)|4.2|2022-09-14 19:10:58|2022-09-14 19:10:58
145|1|rauthat|2|federal|१|1|2022-09-14 19:10:58|2022-09-14 19:10:58
146|2|rauthat|2|federal|२|2|2022-09-14 19:10:58|2022-09-14 19:10:58
147|3|rauthat|2|federal|३|3|2022-09-14 19:10:58|2022-09-14 19:10:58
148|4|rauthat|2|federal|४|4|2022-09-14 19:10:58|2022-09-14 19:10:58
149|1.1|rauthat|2|provincial|१(क)|1.1|2022-09-14 19:10:58|2022-09-14 19:10:58
150|1.2|rauthat|2|provincial|१(ख)|1.2|2022-09-14 19:10:58|2022-09-14 19:10:58
151|2.1|rauthat|2|provincial|२(क)|2.1|2022-09-14 19:10:58|2022-09-14 19:10:58
152|2.2|rauthat|2|provincial|२(ख)|2.2|2022-09-14 19:10:58|2022-09-14 19:10:58
153|3.1|rauthat|2|provincial|३(क)|3.1|2022-09-14 19:10:58|2022-09-14 19:10:58
154|3.2|rauthat|2|provincial|३(ख)|3.2|2022-09-14 19:10:58|2022-09-14 19:10:58
155|4.1|rauthat|2|provincial|४(क)|4.1|2022-09-14 19:10:58|2022-09-14 19:10:58
156|4.2|rauthat|2|provincial|४(ख)|4.2|2022-09-14 19:10:58|2022-09-14 19:10:58
157|1|bara|2|federal|१|1|2022-09-14 19:10:58|2022-09-14 19:10:58
158|2|bara|2|federal|२|2|2022-09-14 19:10:58|2022-09-14 19:10:58
159|3|bara|2|federal|३|3|2022-09-14 19:10:58|2022-09-14 19:10:58
160|4|bara|2|federal|४|4|2022-09-14 19:10:58|2022-09-14 19:10:58
161|1.1|bara|2|provincial|१(क)|1.1|2022-09-14 19:10:58|2022-09-14 19:10:58
162|1.2|bara|2|provincial|१(ख)|1.2|2022-09-14 19:10:58|2022-09-14 19:10:58
163|2.1|bara|2|provincial|२(क)|2.1|2022-09-14 19:10:58|2022-09-14 19:10:58
164|2.2|bara|2|provincial|२(ख)|2.2|2022-09-14 19:10:58|2022-09-14 19:10:58
165|3.1|bara|2|provincial|३(क)|3.1|2022-09-14 19:10:58|2022-09-14 19:10:58
166|3.2|bara|2|provincial|३(ख)|3.2|2022-09-14 19:10:58|2022-09-14 19:10:58
167|4.1|bara|2|provincial|४(क)|4.1|2022-09-14 19:10:58|2022-09-14 19:10:58
168|4.2|bara|2|provincial|४(ख)|4.2|2022-09-14 19:10:58|2022-09-14 19:10:58
169|1|parsa|2|federal|१|1|2022-09-14 19:10:58|2022-09-14 19:10:58
170|2|parsa|2|federal|२|2|2022-09-14 19:10:58|2022-09-14 19:10:58
171|3|parsa|2|federal|३|3|2022-09-14 19:10:58|2022-09-14 19:10:58
172|4|parsa|2|federal|४|4|2022-09-14 19:10:58|2022-09-14 19:10:58
173|1.1|parsa|2|provincial|१(क)|1.1|2022-09-14 19:10:58|2022-09-14 19:10:58
174|1.2|parsa|2|provincial|१(ख)|1.2|2022-09-14 19:10:58|2022-09-14 19:10:58
175|2.1|parsa|2|provincial|२(क)|2.1|2022-09-14 19:10:58|2022-09-14 19:10:58
176|2.2|parsa|2|provincial|२(ख)|2.2|2022-09-14 19:10:58|2022-09-14 19:10:58
177|3.1|parsa|2|provincial|३(क)|3.1|2022-09-14 19:10:58|2022-09-14 19:10:58
178|3.2|parsa|2|provincial|३(ख)|3.2|2022-09-14 19:10:58|2022-09-14 19:10:58
179|4.1|parsa|2|provincial|४(क)|4.1|2022-09-14 19:10:58|2022-09-14 19:10:58
180|4.2|parsa|2|provincial|४(ख)|4.2|2022-09-14 19:10:58|2022-09-14 19:10:58
181|1|sindhuli|3|federal|१|1|2022-09-14 19:10:58|2022-09-14 19:10:58
182|2|sindhuli|3|federal|२|2|2022-09-14 19:10:58|2022-09-14 19:10:58
183|1.1|sindhuli|3|provincial|१(क)|1.1|2022-09-14 19:10:58|2022-09-14 19:10:58
184|1.2|sindhuli|3|provincial|१(ख)|1.2|2022-09-14 19:10:58|2022-09-14 19:10:58
185|2.1|sindhuli|3|provincial|२(क)|2.1|2022-09-14 19:10:58|2022-09-14 19:10:58
186|2.2|sindhuli|3|provincial|२(ख)|2.2|2022-09-14 19:10:58|2022-09-14 19:10:58
187|1|ramechhap|3|federal|१|1|2022-09-14 19:10:58|2022-09-14 19:10:58
188|1.1|ramechhap|3|provincial|१(क)|1.1|2022-09-14 19:10:58|2022-09-14 19:10:58
189|1.2|ramechhap|3|provincial|१(ख)|1.2|2022-09-14 19:10:58|2022-09-14 19:10:58
190|1|dolkha|3|federal|१|1|2022-09-14 19:10:58|2022-09-14 19:10:58
191|1.1|dolkha|3|provincial|१(क)|1.1|2022-09-14 19:10:58|2022-09-14 19:10:58
192|1.2|dolkha|3|provincial|१(ख)|1.2|2022-09-14 19:10:58|2022-09-14 19:10:58
193|1|sindhupalchowk|3|federal|१|1|2022-09-14 19:10:58|2022-09-14 19:10:58
194|2|sindhupalchowk|3|federal|२|2|2022-09-14 19:10:58|2022-09-14 19:10:58
195|1.1|sindhupalchowk|3|provincial|१(क)|1.1|2022-09-14 19:10:58|2022-09-14 19:10:58
196|1.2|sindhupalchowk|3|provincial|१(ख)|1.2|2022-09-14 19:10:58|2022-09-14 19:10:58
197|2.1|sindhupalchowk|3|provincial|२(क)|2.1|2022-09-14 19:10:58|2022-09-14 19:10:58
198|2.2|sindhupalchowk|3|provincial|२(ख)|2.2|2022-09-14 19:10:58|2022-09-14 19:10:58
199|1|kavrepalanchowk|3|federal|१|1|2022-09-14 19:10:58|2022-09-14 19:10:58
200|2|kavrepalanchowk|3|federal|२|2|2022-09-14 19:10:58|2022-09-14 19:10:58
201|1.1|kavrepalanchowk|3|provincial|१(क)|1.1|2022-09-14 19:10:58|2022-09-14 19:10:58
202|1.2|kavrepalanchowk|3|provincial|१(ख)|1.2|2022-09-14 19:10:58|2022-09-14 19:10:58
203|2.1|kavrepalanchowk|3|provincial|२(क)|2.1|2022-09-14 19:10:58|2022-09-14 19:10:58
204|2.2|kavrepalanchowk|3|provincial|२(ख)|2.2|2022-09-14 19:10:58|2022-09-14 19:10:58
205|1|lalitpur|3|federal|१|1|2022-09-14 19:10:58|2022-09-14 19:10:58
206|2|lalitpur|3|federal|२|2|2022-09-14 19:10:58|2022-09-14 19:10:58
207|3|lalitpur|3|federal|३|3|2022-09-14 19:10:58|2022-09-14 19:10:58
208|1.1|lalitpur|3|provincial|१(क)|1.1|2022-09-14 19:10:58|2022-09-14 19:10:58
209|1.2|lalitpur|3|provincial|१(ख)|1.2|2022-09-14 19:10:58|2022-09-14 19:10:58
210|2.1|lalitpur|3|provincial|२(क)|2.1|2022-09-14 19:10:58|2022-09-14 19:10:58
211|2.2|lalitpur|3|provincial|२(ख)|2.2|2022-09-14 19:10:58|2022-09-14 19:10:58
212|3.1|lalitpur|3|provincial|३(क)|3.1|2022-09-14 19:10:58|2022-09-14 19:10:58
213|3.2|lalitpur|3|provincial|३(ख)|3.2|2022-09-14 19:10:58|2022-09-14 19:10:58
214|1|bhaktapur|3|federal|१|1|2022-09-14 19:10:58|2022-09-14 19:10:58
215|2|bhaktapur|3|federal|२|2|2022-09-14 19:10:58|2022-09-14 19:10:58
216|1.1|bhaktapur|3|provincial|१(क)|1.1|2022-09-14 19:10:58|2022-09-14 19:10:58
217|1.2|bhaktapur|3|provincial|१(ख)|1.2|2022-09-14 19:10:58|2022-09-14 19:10:58
218|2.1|bhaktapur|3|provincial|२(क)|2.1|2022-09-14 19:10:58|2022-09-14 19:10:58
219|2.2|bhaktapur|3|provincial|२(ख)|2.2|2022-09-14 19:10:58|2022-09-14 19:10:58
220|1|kathmandu|3|federal|१|1|2022-09-14 19:10:58|2022-09-14 19:10:58
221|2|kathmandu|3|federal|२|2|2022-09-14 19:10:58|2022-09-14 19:10:58
222|3|kathmandu|3|federal|३|3|2022-09-14 19:10:58|2022-09-14 19:10:58
223|4|kathmandu|3|federal|४|4|2022-09-14 19:10:58|2022-09-14 19:10:58
224|5|kathmandu|3|federal|५|5|2022-09-14 19:10:58|2022-09-14 19:10:58
225|6|kathmandu|3|federal|६|6|2022-09-14 19:10:58|2022-09-14 19:10:58
226|7|kathmandu|3|federal|७|7|2022-09-14 19:10:58|2022-09-14 19:10:58
227|8|kathmandu|3|federal|८|8|2022-09-14 19:10:58|2022-09-14 19:10:58
228|9|kathmandu|3|federal|९|9|2022-09-14 19:10:58|2022-09-14 19:10:58
229|10|kathmandu|3|federal|१०|10|2022-09-14 19:10:58|2022-09-14 19:10:58
230|1.1|kathmandu|3|provincial|१(क)|1.1|2022-09-14 19:10:58|2022-09-14 19:10:58
231|1.2|kathmandu|3|provincial|१(ख)|1.2|2022-09-14 19:10:58|2022-09-14 19:10:58
232|2.1|kathmandu|3|provincial|२(क)|2.1|2022-09-14 19:10:58|2022-09-14 19:10:58
233|2.2|kathmandu|3|provincial|२(ख)|2.2|2022-09-14 19:10:58|2022-09-14 19:10:58
234|3.1|kathmandu|3|provincial|३(क)|3.1|2022-09-14 19:10:58|2022-09-14 19:10:58
235|3.2|kathmandu|3|provincial|३(ख)|3.2|2022-09-14 19:10:58|2022-09-14 19:10:58
236|4.1|kathmandu|3|provincial|४(क)|4.1|2022-09-14 19:10:58|2022-09-14 19:10:58
237|4.2|kathmandu|3|provincial|४(ख)|4.2|2022-09-14 19:10:58|2022-09-14 19:10:58
238|5.1|kathmandu|3|provincial|५(क)|5.1|2022-09-14 19:10:58|2022-09-14 19:10:58
239|5.2|kathmandu|3|provincial|५(ख)|5.2|2022-09-14 19:10:58|2022-09-14 19:10:58
240|6.1|kathmandu|3|provincial|६(क)|6.1|2022-09-14 19:10:58|2022-09-14 19:10:58
241|6.2|kathmandu|3|provincial|६(ख)|6.2|2022-09-14 19:10:58|2022-09-14 19:10:58
242|7.1|kathmandu|3|provincial|७(क)|7.1|2022-09-14 19:10:58|2022-09-14 19:10:58
243|7.2|kathmandu|3|provincial|७(ख)|7.2|2022-09-14 19:10:58|2022-09-14 19:10:58
244|8.1|kathmandu|3|provincial|८(क)|8.1|2022-09-14 19:10:58|2022-09-14 19:10:58
245|8.2|kathmandu|3|provincial|८(ख)|8.2|2022-09-14 19:10:58|2022-09-14 19:10:58
246|9.1|kathmandu|3|provincial|९(क)|9.1|2022-09-14 19:10:58|2022-09-14 19:10:58
247|9.2|kathmandu|3|provincial|९(ख)|9.2|2022-09-14 19:10:58|2022-09-14 19:10:58
248|10.1|kathmandu|3|provincial|१०(क)|10.1|2022-09-14 19:10:58|2022-09-14 19:10:58
249|10.2|kathmandu|3|provincial|१०(ख)|10.2|2022-09-14 19:10:58|2022-09-14 19:10:58
250|1|nuwakot|3|federal|१|1|2022-09-14 19:10:58|2022-09-14 19:10:58
251|2|nuwakot|3|federal|२|2|2022-09-14 19:10:58|2022-09-14 19:10:58
252|1.1|nuwakot|3|provincial|१(क)|1.1|2022-09-14 19:10:58|2022-09-14 19:10:58
253|1.2|nuwakot|3|provincial|१(ख)|1.2|2022-09-14 19:10:58|2022-09-14 19:10:58
254|2.1|nuwakot|3|provincial|२(क)|2.1|2022-09-14 19:10:58|2022-09-14 19:10:58
255|2.2|nuwakot|3|provincial|२(ख)|2.2|2022-09-14 19:10:58|2022-09-14 19:10:58
256|1|rasuwa|3|federal|१|1|2022-09-14 19:10:58|2022-09-14 19:10:58
257|1.1|rasuwa|3|provincial|१(क)|1.1|2022-09-14 19:10:58|2022-09-14 19:10:58
258|1.2|rasuwa|3|provincial|१(ख)|1.2|2022-09-14 19:10:58|2022-09-14 19:10:58
259|1|dhading|3|federal|१|1|2022-09-14 19:10:58|2022-09-14 19:10:58
260|2|dhading|3|federal|२|2|2022-09-14 19:10:58|2022-09-14 19:10:58
261|1.1|dhading|3|provincial|१(क)|1.1|2022-09-14 19:10:58|2022-09-14 19:10:58
262|1.2|dhading|3|provincial|१(ख)|1.2|2022-09-14 19:10:58|2022-09-14 19:10:58
263|2.1|dhading|3|provincial|२(क)|2.1|2022-09-14 19:10:58|2022-09-14 19:10:58
264|2.2|dhading|3|provincial|२(ख)|2.2|2022-09-14 19:10:58|2022-09-14 19:10:58
265|1|makwanpur|3|federal|१|1|2022-09-14 19:10:58|2022-09-14 19:10:58
266|2|makwanpur|3|federal|२|2|2022-09-14 19:10:58|2022-09-14 19:10:58
267|1.1|makwanpur|3|provincial|१(क)|1.1|2022-09-14 19:10:58|2022-09-14 19:10:58
268|1.2|makwanpur|3|provincial|१(ख)|1.2|2022-09-14 19:10:58|2022-09-14 19:10:58
269|2.1|makwanpur|3|provincial|२(क)|2.1|2022-09-14 19:10:58|2022-09-14 19:10:58
270|2.2|makwanpur|3|provincial|२(ख)|2.2|2022-09-14 19:10:58|2022-09-14 19:10:58
271|1|chitwan|3|federal|१|1|2022-09-14 19:10:58|2022-09-14 19:10:58
272|2|chitwan|3|federal|२|2|2022-09-14 19:10:58|2022-09-14 19:10:58
273|3|chitwan|3|federal|३|3|2022-09-14 19:10:58|2022-09-14 19:10:58
274|1.1|chitwan|3|provincial|१(क)|1.1|2022-09-14 19:10:58|2022-09-14 19:10:58
275|1.2|chitwan|3|provincial|१(ख)|1.2|2022-09-14 19:10:58|2022-09-14 19:10:58
276|2.1|chitwan|3|provincial|२(क)|2.1|2022-09-14 19:10:58|2022-09-14 19:10:58
277|2.2|chitwan|3|provincial|२(ख)|2.2|2022-09-14 19:10:58|2022-09-14 19:10:58
278|3.1|chitwan|3|provincial|३(क)|3.1|2022-09-14 19:10:58|2022-09-14 19:10:58
279|3.2|chitwan|3|provincial|३(ख)|3.2|2022-09-14 19:10:58|2022-09-14 19:10:58
280|1|gorkha|4|federal|१|1|2022-09-14 19:10:58|2022-09-14 19:10:58
281|2|gorkha|4|federal|२|2|2022-09-14 19:10:58|2022-09-14 19:10:58
282|1.1|gorkha|4|provincial|१(क)|1.1|2022-09-14 19:10:58|2022-09-14 19:10:58
283|1.2|gorkha|4|provincial|१(ख)|1.2|2022-09-14 19:10:58|2022-09-14 19:10:58
284|2.1|gorkha|4|provincial|२(क)|2.1|2022-09-14 19:10:58|2022-09-14 19:10:58
285|2.2|gorkha|4|provincial|२(ख)|2.2|2022-09-14 19:10:58|2022-09-14 19:10:58
286|1|lamjung|4|federal|१|1|2022-09-14 19:10:58|2022-09-14 19:10:58
287|1.1|lamjung|4|provincial|१(क)|1.1|2022-09-14 19:10:58|2022-09-14 19:10:58
288|1.2|lamjung|4|provincial|१(ख)|1.2|2022-09-14 19:10:58|2022-09-14 19:10:58
289|1|tanahun|4|federal|१|1|2022-09-14 19:10:58|2022-09-14 19:10:58
290|2|tanahun|4|federal|२|2|2022-09-14 19:10:58|2022-09-14 19:10:58
291|1.1|tanahun|4|provincial|१(क)|1.1|2022-09-14 19:10:58|2022-09-14 19:10:58
292|1.2|tanahun|4|provincial|१(ख)|1.2|2022-09-14 19:10:58|2022-09-14 19:10:58
293|2.1|tanahun|4|provincial|२(क)|2.1|2022-09-14 19:10:58|2022-09-14 19:10:58
294|2.2|tanahun|4|provincial|२(ख)|2.2|2022-09-14 19:10:58|2022-09-14 19:10:58
295|1|syangja|4|federal|१|1|2022-09-14 19:10:58|2022-09-14 19:10:58
296|2|syangja|4|federal|२|2|2022-09-14 19:10:58|2022-09-14 19:10:58
297|1.1|syangja|4|provincial|१(क)|1.1|2022-09-14 19:10:58|2022-09-14 19:10:58
298|1.2|syangja|4|provincial|१(ख)|1.2|2022-09-14 19:10:58|2022-09-14 19:10:58
299|2.1|syangja|4|provincial|२(क)|2.1|2022-09-14 19:10:58|2022-09-14 19:10:58
300|2.2|syangja|4|provincial|२(ख)|2.2|2022-09-14 19:10:58|2022-09-14 19:10:58
301|1|kaski|4|federal|१|1|2022-09-14 19:10:58|2022-09-14 19:10:58
302|2|kaski|4|federal|२|2|2022-09-14 19:10:58|2022-09-14 19:10:58
303|3|kaski|4|federal|३|3|2022-09-14 19:10:58|2022-09-14 19:10:58
304|1.1|kaski|4|provincial|१(क)|1.1|2022-09-14 19:10:58|2022-09-14 19:10:58
305|1.2|kaski|4|provincial|१(ख)|1.2|2022-09-14 19:10:58|2022-09-14 19:10:58
306|2.1|kaski|4|provincial|२(क)|2.1|2022-09-14 19:10:58|2022-09-14 19:10:58
307|2.2|kaski|4|provincial|२(ख)|2.2|2022-09-14 19:10:58|2022-09-14 19:10:58
308|3.1|kaski|4|provincial|३(क)|3.1|2022-09-14 19:10:58|2022-09-14 19:10:58
309|3.2|kaski|4|provincial|३(ख)|3.2|2022-09-14 19:10:58|2022-09-14 19:10:58
310|1|manang|4|federal|१|1|2022-09-14 19:10:58|2022-09-14 19:10:58
311|1.1|manang|4|provincial|१(क)|1.1|2022-09-14 19:10:58|2022-09-14 19:10:58
312|1.2|manang|4|provincial|१(ख)|1.2|2022-09-14 19:10:58|2022-09-14 19:10:58
313|1|mustang|4|federal|१|1|2022-09-14 19:10:58|2022-09-14 19:10:58
314|1.1|mustang|4|provincial|१(क)|1.1|2022-09-14 19:10:58|2022-09-14 19:10:58
315|1.2|mustang|4|provincial|१(ख)|1.2|2022-09-14 19:10:58|2022-09-14 19:10:58
316|1|parbat|4|federal|१|1|2022-09-14 19:10:58|2022-09-14 19:10:58
317|1.1|parbat|4|provincial|१(क)|1.1|2022-09-14 19:10:58|2022-09-14 19:10:58
318|1.2|parbat|4|provincial|१(ख)|1.2|2022-09-14 19:10:58|2022-09-14 19:10:58
319|1|myagdi|4|federal|१|1|2022-09-14 19:10:58|2022-09-14 19:10:58
320|1.1|myagdi|4|provincial|१(क)|1.1|2022-09-14 19:10:58|2022-09-14 19:10:58
321|1.2|myagdi|4|provincial|१(ख)|1.2|2022-09-14 19:10:58|2022-09-14 19:10:58
322|1|baglung|4|federal|१|1|2022-09-14 19:10:58|2022-09-14 19:10:58
323|2|baglung|4|federal|२|2|2022-09-14 19:10:58|2022-09-14 19:10:58
324|1.1|baglung|4|provincial|१(क)|1.1|2022-09-14 19:10:58|2022-09-14 19:10:58
325|1.2|baglung|4|provincial|१(ख)|1.2|2022-09-14 19:10:58|2022-09-14 19:10:58
326|2.1|baglung|4|provincial|२(क)|2.1|2022-09-14 19:10:58|2022-09-14 19:10:58
327|2.2|baglung|4|provincial|२(ख)|2.2|2022-09-14 19:10:58|2022-09-14 19:10:58
328|1|nawalparasieast|4|federal|१|1|2022-09-14 19:10:58|2022-09-14 19:10:58
329|2|nawalparasieast|4|federal|२|2|2022-09-14 19:10:58|2022-09-14 19:10:58
330|1.1|nawalparasieast|4|provincial|१(क)|1.1|2022-09-14 19:10:58|2022-09-14 19:10:58
331|1.2|nawalparasieast|4|provincial|१(ख)|1.2|2022-09-14 19:10:58|2022-09-14 19:10:58
332|2.1|nawalparasieast|4|provincial|२(क)|2.1|2022-09-14 19:10:58|2022-09-14 19:10:58
333|2.2|nawalparasieast|4|provincial|२(ख)|2.2|2022-09-14 19:10:58|2022-09-14 19:10:58
334|1|gulmi|5|federal|१|1|2022-09-14 19:10:58|2022-09-14 19:10:58
335|2|gulmi|5|federal|२|2|2022-09-14 19:10:58|2022-09-14 19:10:58
336|1.1|gulmi|5|provincial|१(क)|1.1|2022-09-14 19:10:58|2022-09-14 19:10:58
337|1.2|gulmi|5|provincial|१(ख)|1.2|2022-09-14 19:10:58|2022-09-14 19:10:58
338|2.1|gulmi|5|provincial|२(क)|2.1|2022-09-14 19:10:58|2022-09-14 19:10:58
339|2.2|gulmi|5|provincial|२(ख)|2.2|2022-09-14 19:10:58|2022-09-14 19:10:58
340|1|palpa|5|federal|१|1|2022-09-14 19:10:58|2022-09-14 19:10:58
341|2|palpa|5|federal|२|2|2022-09-14 19:10:58|2022-09-14 19:10:58
342|1.1|palpa|5|provincial|१(क)|1.1|2022-09-14 19:10:58|2022-09-14 19:10:58
343|1.2|palpa|5|provincial|१(ख)|1.2|2022-09-14 19:10:58|2022-09-14 19:10:58
344|2.1|palpa|5|provincial|२(क)|2.1|2022-09-14 19:10:58|2022-09-14 19:10:58
345|2.2|palpa|5|provincial|२(ख)|2.2|2022-09-14 19:10:58|2022-09-14 19:10:58
346|1|rupandehi|5|federal|१|1|2022-09-14 19:10:58|2022-09-14 19:10:58
347|2|rupandehi|5|federal|२|2|2022-09-14 19:10:58|2022-09-14 19:10:58
348|3|rupandehi|5|federal|३|3|2022-09-14 19:10:58|2022-09-14 19:10:58
349|4|rupandehi|5|federal|४|4|2022-09-14 19:10:58|2022-09-14 19:10:58
350|5|rupandehi|5|federal|५|5|2022-09-14 19:10:58|2022-09-14 19:10:58
351|1.1|rupandehi|5|provincial|१(क)|1.1|2022-09-14 19:10:58|2022-09-14 19:10:58
352|1.2|rupandehi|5|provincial|१(ख)|1.2|2022-09-14 19:10:58|2022-09-14 19:10:58
353|2.1|rupandehi|5|provincial|२(क)|2.1|2022-09-14 19:10:58|2022-09-14 19:10:58
354|2.2|rupandehi|5|provincial|२(ख)|2.2|2022-09-14 19:10:58|2022-09-14 19:10:58
355|3.1|rupandehi|5|provincial|३(क)|3.1|2022-09-14 19:10:58|2022-09-14 19:10:58
356|3.2|rupandehi|5|provincial|३(ख)|3.2|2022-09-14 19:10:58|2022-09-14 19:10:58
357|4.1|rupandehi|5|provincial|४(क)|4.1|2022-09-14 19:10:58|2022-09-14 19:10:58
358|4.2|rupandehi|5|provincial|४(ख)|4.2|2022-09-14 19:10:58|2022-09-14 19:10:58
359|5.1|rupandehi|5|provincial|५(क)|5.1|2022-09-14 19:10:58|2022-09-14 19:10:58
360|5.2|rupandehi|5|provincial|५(ख)|5.2|2022-09-14 19:10:58|2022-09-14 19:10:58
361|1|arghakhanchi|5|federal|१|1|2022-09-14 19:10:58|2022-09-14 19:10:58
362|1.1|arghakhanchi|5|provincial|१(क)|1.1|2022-09-14 19:10:58|2022-09-14 19:10:58
363|1.2|arghakhanchi|5|provincial|१(ख)|1.2|2022-09-14 19:10:58|2022-09-14 19:10:58
364|1|kapilvastu|5|federal|१|1|2022-09-14 19:10:58|2022-09-14 19:10:58
365|2|kapilvastu|5|federal|२|2|2022-09-14 19:10:58|2022-09-14 19:10:58
366|3|kapilvastu|5|federal|३|3|2022-09-14 19:10:58|2022-09-14 19:10:58
367|1.1|kapilvastu|5|provincial|१(क)|1.1|2022-09-14 19:10:58|2022-09-14 19:10:58
368|1.2|kapilvastu|5|provincial|१(ख)|1.2|2022-09-14 19:10:58|2022-09-14 19:10:58
369|2.1|kapilvastu|5|provincial|२(क)|2.1|2022-09-14 19:10:58|2022-09-14 19:10:58
370|2.2|kapilvastu|5|provincial|२(ख)|2.2|2022-09-14 19:10:58|2022-09-14 19:10:58
371|3.1|kapilvastu|5|provincial|३(क)|3.1|2022-09-14 19:10:58|2022-09-14 19:10:58
372|3.2|kapilvastu|5|provincial|३(ख)|3.2|2022-09-14 19:10:58|2022-09-14 19:10:58
373|1|pyuthan|5|federal|१|1|2022-09-14 19:10:58|2022-09-14 19:10:58
374|1.1|pyuthan|5|provincial|१(क)|1.1|2022-09-14 19:10:58|2022-09-14 19:10:58
375|1.2|pyuthan|5|provincial|१(ख)|1.2|2022-09-14 19:10:58|2022-09-14 19:10:58
376|1|rolpa|5|federal|१|1|2022-09-14 19:10:58|2022-09-14 19:10:58
377|1.1|rolpa|5|provincial|१(क)|1.1|2022-09-14 19:10:58|2022-09-14 19:10:58
378|1.2|rolpa|5|provincial|१(ख)|1.2|2022-09-14 19:10:58|2022-09-14 19:10:58
379|1|dang|5|federal|१|1|2022-09-14 19:10:58|2022-09-14 19:10:58
380|2|dang|5|federal|२|2|2022-09-14 19:10:58|2022-09-14 19:10:58
381|3|dang|5|federal|३|3|2022-09-14 19:10:58|2022-09-14 19:10:58
382|1.1|dang|5|provincial|१(क)|1.1|2022-09-14 19:10:58|2022-09-14 19:10:58
383|1.2|dang|5|provincial|१(ख)|1.2|2022-09-14 19:10:58|2022-09-14 19:10:58
384|2.1|dang|5|provincial|२(क)|2.1|2022-09-14 19:10:58|2022-09-14 19:10:58
385|2.2|dang|5|provincial|२(ख)|2.2|2022-09-14 19:10:58|2022-09-14 19:10:58
386|3.1|dang|5|provincial|३(क)|3.1|2022-09-14 19:10:58|2022-09-14 19:10:58
387|3.2|dang|5|provincial|३(ख)|3.2|2022-09-14 19:10:58|2022-09-14 19:10:58
388|1|bardiya|5|federal|१|1|2022-09-14 19:10:58|2022-09-14 19:10:58
389|2|bardiya|5|federal|२|2|2022-09-14 19:10:58|2022-09-14 19:10:58
390|1.1|bardiya|5|provincial|१(क)|1.1|2022-09-14 19:10:58|2022-09-14 19:10:58
391|1.2|bardiya|5|provincial|१(ख)|1.2|2022-09-14 19:10:58|2022-09-14 19:10:58
392|2.1|bardiya|5|provincial|२(क)|2.1|2022-09-14 19:10:58|2022-09-14 19:10:58
393|2.2|bardiya|5|provincial|२(ख)|2.2|2022-09-14 19:10:58|2022-09-14 19:10:58
394|1|banke|5|federal|१|1|2022-09-14 19:10:58|2022-09-14 19:10:58
395|2|banke|5|federal|२|2|2022-09-14 19:10:58|2022-09-14 19:10:58
396|3|banke|5|federal|३|3|2022-09-14 19:10:58|2022-09-14 19:10:58
397|1.1|banke|5|provincial|१(क)|1.1|2022-09-14 19:10:58|2022-09-14 19:10:58
398|1.2|banke|5|provincial|१(ख)|1.2|2022-09-14 19:10:58|2022-09-14 19:10:58
399|2.1|banke|5|provincial|२(क)|2.1|2022-09-14 19:10:58|2022-09-14 19:10:58
400|2.2|banke|5|provincial|२(ख)|2.2|2022-09-14 19:10:58|2022-09-14 19:10:58
401|3.1|banke|5|provincial|३(क)|3.1|2022-09-14 19:10:58|2022-09-14 19:10:58
402|3.2|banke|5|provincial|३(ख)|3.2|2022-09-14 19:10:58|2022-09-14 19:10:58
403|1|nawalparasiwest|5|federal|१|1|2022-09-14 19:10:58|2022-09-14 19:10:58
404|2|nawalparasiwest|5|federal|२|2|2022-09-14 19:10:58|2022-09-14 19:10:58
405|1.1|nawalparasiwest|5|provincial|१(क)|1.1|2022-09-14 19:10:58|2022-09-14 19:10:58
406|1.2|nawalparasiwest|5|provincial|१(ख)|1.2|2022-09-14 19:10:58|2022-09-14 19:10:58
407|2.1|nawalparasiwest|5|provincial|२(क)|2.1|2022-09-14 19:10:58|2022-09-14 19:10:58
408|2.2|nawalparasiwest|5|provincial|२(ख)|2.2|2022-09-14 19:10:58|2022-09-14 19:10:58
409|1|rukumeast|5|federal|१|1|2022-09-14 19:10:58|2022-09-14 19:10:58
410|1.1|rukumeast|5|provincial|१(क)|1.1|2022-09-14 19:10:58|2022-09-14 19:10:58
411|1.2|rukumeast|5|provincial|१(ख)|1.2|2022-09-14 19:10:58|2022-09-14 19:10:58
412|1|rukumwest|6|federal|१|1|2022-09-14 19:10:58|2022-09-14 19:10:58
413|1.1|rukumwest|6|provincial|१(क)|1.1|2022-09-14 19:10:58|2022-09-14 19:10:58
414|1.2|rukumwest|6|provincial|१(ख)|1.2|2022-09-14 19:10:58|2022-09-14 19:10:58
415|1|salyan|6|federal|१|1|2022-09-14 19:10:58|2022-09-14 19:10:58
416|1.1|salyan|6|provincial|१(क)|1.1|2022-09-14 19:10:58|2022-09-14 19:10:58
417|1.2|salyan|6|provincial|१(ख)|1.2|2022-09-14 19:10:58|2022-09-14 19:10:58
418|1|surkhet|6|federal|१|1|2022-09-14 19:10:58|2022-09-14 19:10:58
419|2|surkhet|6|federal|२|2|2022-09-14 19:10:58|2022-09-14 19:10:58
420|1.1|surkhet|6|provincial|१(क)|1.1|2022-09-14 19:10:58|2022-09-14 19:10:58
421|1.2|surkhet|6|provincial|१(ख)|1.2|2022-09-14 19:10:58|2022-09-14 19:10:58
422|2.1|surkhet|6|provincial|२(क)|2.1|2022-09-14 19:10:58|2022-09-14 19:10:58
423|2.2|surkhet|6|provincial|२(ख)|2.2|2022-09-14 19:10:58|2022-09-14 19:10:58
424|1|dailekh|6|federal|१|1|2022-09-14 19:10:58|2022-09-14 19:10:58
425|2|dailekh|6|federal|२|2|2022-09-14 19:10:58|2022-09-14 19:10:58
426|1.1|dailekh|6|provincial|१(क)|1.1|2022-09-14 19:10:58|2022-09-14 19:10:58
427|1.2|dailekh|6|provincial|१(ख)|1.2|2022-09-14 19:10:58|2022-09-14 19:10:58
428|2.1|dailekh|6|provincial|२(क)|2.1|2022-09-14 19:10:58|2022-09-14 19:10:58
429|2.2|dailekh|6|provincial|२(ख)|2.2|2022-09-14 19:10:58|2022-09-14 19:10:58
430|1|jajarkot|6|federal|१|1|2022-09-14 19:10:58|2022-09-14 19:10:58
431|1.1|jajarkot|6|provincial|१(क)|1.1|2022-09-14 19:10:58|2022-09-14 19:10:58
432|1.2|jajarkot|6|provincial|१(ख)|1.2|2022-09-14 19:10:58|2022-09-14 19:10:58
433|1|dolpa|6|federal|१|1|2022-09-14 19:10:58|2022-09-14 19:10:58
434|1.1|dolpa|6|provincial|१(क)|1.1|2022-09-14 19:10:58|2022-09-14 19:10:58
435|1.2|dolpa|6|provincial|१(ख)|1.2|2022-09-14 19:10:58|2022-09-14 19:10:58
436|1|humla|6|federal|१|1|2022-09-14 19:10:58|2022-09-14 19:10:58
437|1.1|humla|6|provincial|१(क)|1.1|2022-09-14 19:10:58|2022-09-14 19:10:58
438|1.2|humla|6|provincial|१(ख)|1.2|2022-09-14 19:10:58|2022-09-14 19:10:58
439|1|kalikot|6|federal|१|1|2022-09-14 19:10:58|2022-09-14 19:10:58
440|1.1|kalikot|6|provincial|१(क)|1.1|2022-09-14 19:10:58|2022-09-14 19:10:58
441|1.2|kalikot|6|provincial|१(ख)|1.2|2022-09-14 19:10:58|2022-09-14 19:10:58
442|1|mugu|6|federal|१|1|2022-09-14 19:10:58|2022-09-14 19:10:58
443|1.1|mugu|6|provincial|१(क)|1.1|2022-09-14 19:10:58|2022-09-14 19:10:58
444|1.2|mugu|6|provincial|१(ख)|1.2|2022-09-14 19:10:58|2022-09-14 19:10:58
445|1|jumla|6|federal|१|1|2022-09-14 19:10:58|2022-09-14 19:10:58
446|1.1|jumla|6|provincial|१(क)|1.1|2022-09-14 19:10:58|2022-09-14 19:10:58
447|1.2|jumla|6|provincial|१(ख)|1.2|2022-09-14 19:10:58|2022-09-14 19:10:58
448|1|bajura|7|federal|१|1|2022-09-14 19:10:58|2022-09-14 19:10:58
449|1.1|bajura|7|provincial|१(क)|1.1|2022-09-14 19:10:58|2022-09-14 19:10:58
450|1.2|bajura|7|provincial|१(ख)|1.2|2022-09-14 19:10:58|2022-09-14 19:10:58
451|1|bajhang|7|federal|१|1|2022-09-14 19:10:58|2022-09-14 19:10:58
452|1.1|bajhang|7|provincial|१(क)|1.1|2022-09-14 19:10:58|2022-09-14 19:10:58
453|1.2|bajhang|7|provincial|१(ख)|1.2|2022-09-14 19:10:58|2022-09-14 19:10:58
454|1|achham|7|federal|१|1|2022-09-14 19:10:58|2022-09-14 19:10:58
455|2|achham|7|federal|२|2|2022-09-14 19:10:58|2022-09-14 19:10:58
456|1.1|achham|7|provincial|१(क)|1.1|2022-09-14 19:10:58|2022-09-14 19:10:58
457|1.2|achham|7|provincial|१(ख)|1.2|2022-09-14 19:10:58|2022-09-14 19:10:58
458|2.1|achham|7|provincial|२(क)|2.1|2022-09-14 19:10:58|2022-09-14 19:10:58
459|2.2|achham|7|provincial|२(ख)|2.2|2022-09-14 19:10:58|2022-09-14 19:10:58
460|1|doti|7|federal|१|1|2022-09-14 19:10:58|2022-09-14 19:10:58
461|1.1|doti|7|provincial|१(क)|1.1|2022-09-14 19:10:58|2022-09-14 19:10:58
462|1.2|doti|7|provincial|१(ख)|1.2|2022-09-14 19:10:58|2022-09-14 19:10:58
463|1|kailali|7|federal|१|1|2022-09-14 19:10:58|2022-09-14 19:10:58
464|2|kailali|7|federal|२|2|2022-09-14 19:10:58|2022-09-14 19:10:58
465|3|kailali|7|federal|३|3|2022-09-14 19:10:58|2022-09-14 19:10:58
466|4|kailali|7|federal|४|4|2022-09-14 19:10:58|2022-09-14 19:10:58
467|5|kailali|7|federal|५|5|2022-09-14 19:10:58|2022-09-14 19:10:58
468|1.1|kailali|7|provincial|१(क)|1.1|2022-09-14 19:10:58|2022-09-14 19:10:58
469|1.2|kailali|7|provincial|१(ख)|1.2|2022-09-14 19:10:58|2022-09-14 19:10:58
470|2.1|kailali|7|provincial|२(क)|2.1|2022-09-14 19:10:58|2022-09-14 19:10:58
471|2.2|kailali|7|provincial|२(ख)|2.2|2022-09-14 19:10:58|2022-09-14 19:10:58
472|3.1|kailali|7|provincial|३(क)|3.1|2022-09-14 19:10:58|2022-09-14 19:10:58
473|3.2|kailali|7|provincial|३(ख)|3.2|2022-09-14 19:10:58|2022-09-14 19:10:58
474|4.1|kailali|7|provincial|४(क)|4.1|2022-09-14 19:10:58|2022-09-14 19:10:58
475|4.2|kailali|7|provincial|४(ख)|4.2|2022-09-14 19:10:58|2022-09-14 19:10:58
476|5.1|kailali|7|provincial|५(क)|5.1|2022-09-14 19:10:58|2022-09-14 19:10:58
477|5.2|kailali|7|provincial|५(ख)|5.2|2022-09-14 19:10:58|2022-09-14 19:10:58
478|1|kanchanpur|7|federal|१|1|2022-09-14 19:10:58|2022-09-14 19:10:58
479|2|kanchanpur|7|federal|२|2|2022-09-14 19:10:58|2022-09-14 19:10:58
480|3|kanchanpur|7|federal|३|3|2022-09-14 19:10:58|2022-09-14 19:10:58
481|1.1|kanchanpur|7|provincial|१(क)|1.1|2022-09-14 19:10:58|2022-09-14 19:10:58
482|1.2|kanchanpur|7|provincial|१(ख)|1.2|2022-09-14 19:10:58|2022-09-14 19:10:58
483|2.1|kanchanpur|7|provincial|२(क)|2.1|2022-09-14 19:10:58|2022-09-14 19:10:58
484|2.2|kanchanpur|7|provincial|२(ख)|2.2|2022-09-14 19:10:58|2022-09-14 19:10:58
485|3.1|kanchanpur|7|provincial|३(क)|3.1|2022-09-14 19:10:58|2022-09-14 19:10:58
486|3.2|kanchanpur|7|provincial|३(ख)|3.2|2022-09-14 19:10:58|2022-09-14 19:10:58
487|1|dadeldhura|7|federal|१|1|2022-09-14 19:10:58|2022-09-14 19:10:58
488|1.1|dadeldhura|7|provincial|१(क)|1.1|2022-09-14 19:10:58|2022-09-14 19:10:58
489|1.2|dadeldhura|7|provincial|१(ख)|1.2|2022-09-14 19:10:58|2022-09-14 19:10:58
490|1|baitadi|7|federal|१|1|2022-09-14 19:10:58|2022-09-14 19:10:58
491|1.1|baitadi|7|provincial|१(क)|1.1|2022-09-14 19:10:58|2022-09-14 19:10:58
492|1.2|baitadi|7|provincial|१(ख)|1.2|2022-09-14 19:10:58|2022-09-14 19:10:58
493|1|darchula|7|federal|१|1|2022-09-14 19:10:58|2022-09-14 19:10:58
494|1.1|darchula|7|provincial|१(क)|1.1|2022-09-14 19:10:58|2022-09-14 19:10:58
495|1.2|darchula|7|provincial|१(ख)|1.2|2022-09-14 19:10:58|2022-09-14 19:10:58
